"","analysis_var","analysis_type","indicator","group_var","access","overaged","out_of_school","ece","level1","level2","level3","level4","non_formal","wgq"
"1","edu_ind_access_d","prop_select_one","% children 5 to 18 y.o. who attended school or any early childhood education program at any time during the 2023-2024 school year","overall",TRUE,TRUE,FALSE,FALSE,FALSE,FALSE,FALSE,FALSE,FALSE,FALSE
"2","edu_disrupted_teacher_d","prop_select_one","% of children 5 to 18 y.o. whose education was disrupted due to teacher's absence","overall",TRUE,FALSE,FALSE,FALSE,FALSE,FALSE,FALSE,FALSE,FALSE,FALSE
"3","edu_disrupted_hazards_d","prop_select_one","% of children 5 to 18 y.o. whose education was disrupted due to natural hazards","overall",TRUE,FALSE,FALSE,FALSE,FALSE,FALSE,FALSE,FALSE,FALSE,FALSE
"4","edu_disrupted_displaced_d","prop_select_one","% of children 5 to 18 y.o. whose education was disrupted due to the school being occupied by displaced persons - Binary","overall",TRUE,FALSE,FALSE,FALSE,FALSE,FALSE,FALSE,FALSE,FALSE,FALSE
"5","edu_disrupted_occupation_d","prop_select_one","% of children 5 to 18 y.o. whose education was disrupted due to the school being occupied by displaced persons - Binary","overall",TRUE,FALSE,FALSE,FALSE,FALSE,FALSE,FALSE,FALSE,FALSE,FALSE
"6","edu_ind_access_d","prop_select_one","% children 5 to 18 y.o. who attended school or any early childhood education program at any time during the 2023-2024 school year","overall, child_gender_d",TRUE,TRUE,FALSE,FALSE,FALSE,FALSE,FALSE,FALSE,FALSE,FALSE
"7","edu_disrupted_teacher_d","prop_select_one","% of children 5 to 18 y.o. whose education was disrupted due to teacher's absence","overall, child_gender_d",TRUE,FALSE,FALSE,FALSE,FALSE,FALSE,FALSE,FALSE,FALSE,FALSE
"8","edu_disrupted_hazards_d","prop_select_one","% of children 5 to 18 y.o. whose education was disrupted due to natural hazards","overall, child_gender_d",TRUE,FALSE,FALSE,FALSE,FALSE,FALSE,FALSE,FALSE,FALSE,FALSE
"9","edu_disrupted_displaced_d","prop_select_one","% of children 5 to 18 y.o. whose education was disrupted due to the school being occupied by displaced persons - Binary","overall, child_gender_d",TRUE,FALSE,FALSE,FALSE,FALSE,FALSE,FALSE,FALSE,FALSE,FALSE
"10","edu_disrupted_occupation_d","prop_select_one","% of children 5 to 18 y.o. whose education was disrupted due to the school being occupied by displaced persons - Binary","overall, child_gender_d",TRUE,FALSE,FALSE,FALSE,FALSE,FALSE,FALSE,FALSE,FALSE,FALSE
"11","edu_ind_access_d","prop_select_one","% children 5 to 18 y.o. who attended school or any early childhood education program at any time during the 2023-2024 school year","edu_school_cycle_d",TRUE,TRUE,FALSE,TRUE,TRUE,TRUE,TRUE,FALSE,FALSE,FALSE
"12","edu_disrupted_teacher_d","prop_select_one","% of children 5 to 18 y.o. whose education was disrupted due to teacher's absence","edu_school_cycle_d",TRUE,FALSE,FALSE,FALSE,FALSE,FALSE,FALSE,FALSE,FALSE,FALSE
"13","edu_disrupted_hazards_d","prop_select_one","% of children 5 to 18 y.o. whose education was disrupted due to natural hazards","edu_school_cycle_d",TRUE,FALSE,FALSE,FALSE,FALSE,FALSE,FALSE,FALSE,FALSE,FALSE
"14","edu_disrupted_displaced_d","prop_select_one","% of children 5 to 18 y.o. whose education was disrupted due to the school being occupied by displaced persons - Binary","edu_school_cycle_d",TRUE,FALSE,FALSE,FALSE,FALSE,FALSE,FALSE,FALSE,FALSE,FALSE
"15","edu_disrupted_occupation_d","prop_select_one","% of children 5 to 18 y.o. whose education was disrupted due to the school being occupied by displaced persons - Binary","edu_school_cycle_d",TRUE,FALSE,FALSE,FALSE,FALSE,FALSE,FALSE,FALSE,FALSE,FALSE
"16","edu_ind_access_d","prop_select_one","% children 5 to 18 y.o. who attended school or any early childhood education program at any time during the 2023-2024 school year","edu_school_cycle_d, child_gender_d",TRUE,TRUE,FALSE,TRUE,TRUE,TRUE,TRUE,FALSE,FALSE,FALSE
"17","edu_disrupted_teacher_d","prop_select_one","% of children 5 to 18 y.o. whose education was disrupted due to teacher's absence","edu_school_cycle_d, child_gender_d",TRUE,FALSE,FALSE,FALSE,FALSE,FALSE,FALSE,FALSE,FALSE,FALSE
"18","edu_disrupted_hazards_d","prop_select_one","% of children 5 to 18 y.o. whose education was disrupted due to natural hazards","edu_school_cycle_d, child_gender_d",TRUE,FALSE,FALSE,FALSE,FALSE,FALSE,FALSE,FALSE,FALSE,FALSE
"19","edu_disrupted_displaced_d","prop_select_one","% of children 5 to 18 y.o. whose education was disrupted due to the school being occupied by displaced persons - Binary","edu_school_cycle_d, child_gender_d",TRUE,FALSE,FALSE,FALSE,FALSE,FALSE,FALSE,FALSE,FALSE,FALSE
"20","edu_disrupted_occupation_d","prop_select_one","% of children 5 to 18 y.o. whose education was disrupted due to the school being occupied by displaced persons - Binary","edu_school_cycle_d, child_gender_d",TRUE,FALSE,FALSE,FALSE,FALSE,FALSE,FALSE,FALSE,FALSE,FALSE
"21","edu_ind_no_access_d","prop_select_one","% children 5 to 18 y.o. who did not attended school or any early childhood education program at any time during the 2023-2024 school year","overall",FALSE,FALSE,TRUE,FALSE,FALSE,FALSE,FALSE,FALSE,FALSE,FALSE
"22","edu_barrier_d","prop_select_one","% children 5 to 18 y.o. not attending school or any early childhood education program at any time during the 2023-2024 school year, by main reason","overall",FALSE,FALSE,TRUE,FALSE,FALSE,FALSE,FALSE,FALSE,FALSE,FALSE
"23","edu_ind_no_access_d","prop_select_one","% children 5 to 18 y.o. who did not attended school or any early childhood education program at any time during the 2023-2024 school year","overall, child_gender_d",FALSE,FALSE,TRUE,FALSE,FALSE,FALSE,FALSE,FALSE,FALSE,FALSE
"24","edu_barrier_d","prop_select_one","% children 5 to 18 y.o. not attending school or any early childhood education program at any time during the 2023-2024 school year, by main reason","overall, child_gender_d",FALSE,FALSE,TRUE,FALSE,FALSE,FALSE,FALSE,FALSE,FALSE,FALSE
"25","edu_ind_no_access_d","prop_select_one","% children 5 to 18 y.o. who did not attended school or any early childhood education program at any time during the 2023-2024 school year","edu_school_cycle_d",FALSE,FALSE,TRUE,FALSE,FALSE,FALSE,FALSE,FALSE,FALSE,FALSE
"26","edu_barrier_d","prop_select_one","% children 5 to 18 y.o. not attending school or any early childhood education program at any time during the 2023-2024 school year, by main reason","edu_school_cycle_d",FALSE,FALSE,TRUE,FALSE,FALSE,FALSE,FALSE,FALSE,FALSE,FALSE
"27","edu_ind_no_access_d","prop_select_one","% children 5 to 18 y.o. who did not attended school or any early childhood education program at any time during the 2023-2024 school year","edu_school_cycle_d, child_gender_d",FALSE,FALSE,TRUE,FALSE,FALSE,FALSE,FALSE,FALSE,FALSE,FALSE
"28","edu_barrier_d","prop_select_one","% children 5 to 18 y.o. not attending school or any early childhood education program at any time during the 2023-2024 school year, by main reason","edu_school_cycle_d, child_gender_d",FALSE,FALSE,TRUE,FALSE,FALSE,FALSE,FALSE,FALSE,FALSE,FALSE
"29","edu_level1_overage_learners_d","prop_select_one","% children 5 to 18 y.o. who attended school or any early childhood education program at any time during the 2023-2024 school year","overall",FALSE,TRUE,FALSE,FALSE,FALSE,FALSE,FALSE,FALSE,FALSE,FALSE
"30","edu_level1_overage_learners_d","prop_select_one","% children 5 to 18 y.o. who attended school or any early childhood education program at any time during the 2023-2024 school year","overall, child_gender_d",FALSE,TRUE,FALSE,FALSE,FALSE,FALSE,FALSE,FALSE,FALSE,FALSE
"31","edu_level1_overage_learners_d","prop_select_one","% children 5 to 18 y.o. who attended school or any early childhood education program at any time during the 2023-2024 school year","edu_school_cycle_d",FALSE,TRUE,FALSE,FALSE,FALSE,FALSE,FALSE,FALSE,FALSE,FALSE
"32","edu_level1_overage_learners_d","prop_select_one","% children 5 to 18 y.o. who attended school or any early childhood education program at any time during the 2023-2024 school year","edu_school_cycle_d, child_gender_d",FALSE,TRUE,FALSE,FALSE,FALSE,FALSE,FALSE,FALSE,FALSE,FALSE
"33","edu_level2_overage_learners_d","prop_select_one","% children 5 to 18 y.o. who attended school or any early childhood education program at any time during the 2023-2024 school year","overall",FALSE,TRUE,FALSE,FALSE,FALSE,FALSE,FALSE,FALSE,FALSE,FALSE
"34","edu_level2_overage_learners_d","prop_select_one","% children 5 to 18 y.o. who attended school or any early childhood education program at any time during the 2023-2024 school year","overall, child_gender_d",FALSE,TRUE,FALSE,FALSE,FALSE,FALSE,FALSE,FALSE,FALSE,FALSE
"35","edu_level2_overage_learners_d","prop_select_one","% children 5 to 18 y.o. who attended school or any early childhood education program at any time during the 2023-2024 school year","edu_school_cycle_d",FALSE,TRUE,FALSE,FALSE,FALSE,FALSE,FALSE,FALSE,FALSE,FALSE
"36","edu_level2_overage_learners_d","prop_select_one","% children 5 to 18 y.o. who attended school or any early childhood education program at any time during the 2023-2024 school year","edu_school_cycle_d, child_gender_d",FALSE,TRUE,FALSE,FALSE,FALSE,FALSE,FALSE,FALSE,FALSE,FALSE
"37","edu_attending_level0_level1_and_level1_minus_one_age_d","prop_select_one","% of children one year before primary school entry age attending early childhood education or primary school.","edu_school_cycle_d",FALSE,FALSE,FALSE,TRUE,FALSE,FALSE,FALSE,FALSE,FALSE,FALSE
"38","edu_attending_level0_level1_and_level1_minus_one_age_d","prop_select_one","% of children one year before primary school entry age attending early childhood education or primary school.","edu_school_cycle_d, child_gender_d",FALSE,FALSE,FALSE,TRUE,FALSE,FALSE,FALSE,FALSE,FALSE,FALSE
"39","edu_attending_level1_and_level1_minus_one_age_d","prop_select_one","% of children one year before primary school entry age attending primary school.","edu_school_cycle_d",FALSE,FALSE,FALSE,TRUE,FALSE,FALSE,FALSE,FALSE,FALSE,FALSE
"40","edu_attending_level1_and_level1_minus_one_age_d","prop_select_one","% of children one year before primary school entry age attending primary school.","edu_school_cycle_d, child_gender_d",FALSE,FALSE,FALSE,TRUE,FALSE,FALSE,FALSE,FALSE,FALSE,FALSE
"41","edu_attending_level12_and_level1_age_d","prop_select_one","% of school-aged children of primary school age currently attending primary, lower or upper secondary school","edu_school_cycle_d",FALSE,FALSE,FALSE,FALSE,TRUE,FALSE,FALSE,FALSE,FALSE,FALSE
"42","edu_attending_level12_and_level1_age_d","prop_select_one","% of school-aged children of primary school age currently attending primary, lower or upper secondary school","edu_school_cycle_d, child_gender_d",FALSE,FALSE,FALSE,FALSE,TRUE,FALSE,FALSE,FALSE,FALSE,FALSE
"43","edu_attending_level2_and_level2_age_d","prop_select_one","% of school-aged children of lower secondary school age currently attending lower secondary school or higher","edu_school_cycle_d",FALSE,FALSE,FALSE,FALSE,FALSE,TRUE,FALSE,FALSE,FALSE,FALSE
"44","edu_attending_level2_and_level2_age_d","prop_select_one","% of school-aged children of lower secondary school age currently attending lower secondary school or higher","edu_school_cycle_d, child_gender_d",FALSE,FALSE,FALSE,FALSE,FALSE,TRUE,FALSE,FALSE,FALSE,FALSE
"45","edu_program_type","prop_select_one","% of type of other type of education children accessing other type of education","overall",FALSE,FALSE,FALSE,FALSE,FALSE,FALSE,FALSE,FALSE,TRUE,FALSE
"46","edu_program_type","prop_select_one","% of type of other type of education children accessing other type of education","overall, child_gender_d",FALSE,FALSE,FALSE,FALSE,FALSE,FALSE,FALSE,FALSE,TRUE,FALSE
"47","edu_program_type","prop_select_one","% of type of other type of education children accessing other type of education","edu_school_cycle_d",FALSE,FALSE,FALSE,FALSE,FALSE,FALSE,FALSE,FALSE,TRUE,FALSE
"48","edu_program_type","prop_select_one","% of type of other type of education children accessing other type of education","edu_school_cycle_d, child_gender_d",FALSE,FALSE,FALSE,FALSE,FALSE,FALSE,FALSE,FALSE,TRUE,FALSE
"49","edu_ind_access_d","prop_select_one","% children 5 to 18 y.o. who attended school or any early childhood education program at any time during the 2023-2024 school year","admin_1",TRUE,TRUE,FALSE,FALSE,FALSE,FALSE,FALSE,FALSE,FALSE,FALSE
"50","edu_disrupted_teacher_d","prop_select_one","% of children 5 to 18 y.o. whose education was disrupted due to teacher's absence","admin_1",TRUE,FALSE,FALSE,FALSE,FALSE,FALSE,FALSE,FALSE,FALSE,FALSE
"51","edu_disrupted_hazards_d","prop_select_one","% of children 5 to 18 y.o. whose education was disrupted due to natural hazards","admin_1",TRUE,FALSE,FALSE,FALSE,FALSE,FALSE,FALSE,FALSE,FALSE,FALSE
"52","edu_disrupted_displaced_d","prop_select_one","% of children 5 to 18 y.o. whose education was disrupted due to the school being occupied by displaced persons - Binary","admin_1",TRUE,FALSE,FALSE,FALSE,FALSE,FALSE,FALSE,FALSE,FALSE,FALSE
"53","edu_disrupted_occupation_d","prop_select_one","% of children 5 to 18 y.o. whose education was disrupted due to the school being occupied by displaced persons - Binary","admin_1",TRUE,FALSE,FALSE,FALSE,FALSE,FALSE,FALSE,FALSE,FALSE,FALSE
"54","edu_ind_access_d","prop_select_one","% children 5 to 18 y.o. who attended school or any early childhood education program at any time during the 2023-2024 school year","admin_1, child_gender_d",TRUE,TRUE,FALSE,FALSE,FALSE,FALSE,FALSE,FALSE,FALSE,FALSE
"55","edu_disrupted_teacher_d","prop_select_one","% of children 5 to 18 y.o. whose education was disrupted due to teacher's absence","admin_1, child_gender_d",TRUE,FALSE,FALSE,FALSE,FALSE,FALSE,FALSE,FALSE,FALSE,FALSE
"56","edu_disrupted_hazards_d","prop_select_one","% of children 5 to 18 y.o. whose education was disrupted due to natural hazards","admin_1, child_gender_d",TRUE,FALSE,FALSE,FALSE,FALSE,FALSE,FALSE,FALSE,FALSE,FALSE
"57","edu_disrupted_displaced_d","prop_select_one","% of children 5 to 18 y.o. whose education was disrupted due to the school being occupied by displaced persons - Binary","admin_1, child_gender_d",TRUE,FALSE,FALSE,FALSE,FALSE,FALSE,FALSE,FALSE,FALSE,FALSE
"58","edu_disrupted_occupation_d","prop_select_one","% of children 5 to 18 y.o. whose education was disrupted due to the school being occupied by displaced persons - Binary","admin_1, child_gender_d",TRUE,FALSE,FALSE,FALSE,FALSE,FALSE,FALSE,FALSE,FALSE,FALSE
"59","edu_ind_no_access_d","prop_select_one","% children 5 to 18 y.o. who did not attended school or any early childhood education program at any time during the 2023-2024 school year","admin_1",FALSE,FALSE,TRUE,FALSE,FALSE,FALSE,FALSE,FALSE,FALSE,FALSE
"60","edu_barrier_d","prop_select_one","% children 5 to 18 y.o. not attending school or any early childhood education program at any time during the 2023-2024 school year, by main reason","admin_1",FALSE,FALSE,TRUE,FALSE,FALSE,FALSE,FALSE,FALSE,FALSE,FALSE
"61","edu_ind_no_access_d","prop_select_one","% children 5 to 18 y.o. who did not attended school or any early childhood education program at any time during the 2023-2024 school year","admin_1, child_gender_d",FALSE,FALSE,TRUE,FALSE,FALSE,FALSE,FALSE,FALSE,FALSE,FALSE
"62","edu_barrier_d","prop_select_one","% children 5 to 18 y.o. not attending school or any early childhood education program at any time during the 2023-2024 school year, by main reason","admin_1, child_gender_d",FALSE,FALSE,TRUE,FALSE,FALSE,FALSE,FALSE,FALSE,FALSE,FALSE
"63","edu_level1_overage_learners_d","prop_select_one","% children 5 to 18 y.o. who attended school or any early childhood education program at any time during the 2023-2024 school year","admin_1",FALSE,TRUE,FALSE,FALSE,FALSE,FALSE,FALSE,FALSE,FALSE,FALSE
"64","edu_level1_overage_learners_d","prop_select_one","% children 5 to 18 y.o. who attended school or any early childhood education program at any time during the 2023-2024 school year","admin_1, child_gender_d",FALSE,TRUE,FALSE,FALSE,FALSE,FALSE,FALSE,FALSE,FALSE,FALSE
"65","edu_level2_overage_learners_d","prop_select_one","% children 5 to 18 y.o. who attended school or any early childhood education program at any time during the 2023-2024 school year","admin_1",FALSE,TRUE,FALSE,FALSE,FALSE,FALSE,FALSE,FALSE,FALSE,FALSE
"66","edu_level2_overage_learners_d","prop_select_one","% children 5 to 18 y.o. who attended school or any early childhood education program at any time during the 2023-2024 school year","admin_1, child_gender_d",FALSE,TRUE,FALSE,FALSE,FALSE,FALSE,FALSE,FALSE,FALSE,FALSE
"67","edu_ind_access_d","prop_select_one","% children 5 to 18 y.o. who attended school or any early childhood education program at any time during the 2023-2024 school year","edu_school_cycle_d, admin_1",FALSE,FALSE,FALSE,TRUE,TRUE,TRUE,TRUE,FALSE,FALSE,FALSE
"68","edu_ind_access_d","prop_select_one","% children 5 to 18 y.o. who attended school or any early childhood education program at any time during the 2023-2024 school year","edu_school_cycle_d, admin_1, child_gender_d",FALSE,FALSE,FALSE,TRUE,TRUE,TRUE,TRUE,FALSE,FALSE,FALSE
"69","edu_attending_level0_level1_and_level1_minus_one_age_d","prop_select_one","% of children one year before primary school entry age attending early childhood education or primary school.","edu_school_cycle_d, admin_1",FALSE,FALSE,FALSE,TRUE,FALSE,FALSE,FALSE,FALSE,FALSE,FALSE
"70","edu_attending_level0_level1_and_level1_minus_one_age_d","prop_select_one","% of children one year before primary school entry age attending early childhood education or primary school.","edu_school_cycle_d, admin_1, child_gender_d",FALSE,FALSE,FALSE,TRUE,FALSE,FALSE,FALSE,FALSE,FALSE,FALSE
"71","edu_attending_level1_and_level1_minus_one_age_d","prop_select_one","% of children one year before primary school entry age attending primary school.","edu_school_cycle_d, admin_1",FALSE,FALSE,FALSE,TRUE,FALSE,FALSE,FALSE,FALSE,FALSE,FALSE
"72","edu_attending_level1_and_level1_minus_one_age_d","prop_select_one","% of children one year before primary school entry age attending primary school.","edu_school_cycle_d, admin_1, child_gender_d",FALSE,FALSE,FALSE,TRUE,FALSE,FALSE,FALSE,FALSE,FALSE,FALSE
"73","edu_attending_level12_and_level1_age_d","prop_select_one","% of school-aged children of primary school age currently attending primary, lower or upper secondary school","edu_school_cycle_d,admin_1",FALSE,FALSE,FALSE,FALSE,TRUE,FALSE,FALSE,FALSE,FALSE,FALSE
"74","edu_attending_level12_and_level1_age_d","prop_select_one","% of school-aged children of primary school age currently attending primary, lower or upper secondary school","edu_school_cycle_d, admin_1, child_gender_d",FALSE,FALSE,FALSE,FALSE,TRUE,FALSE,FALSE,FALSE,FALSE,FALSE
"75","edu_attending_level2_and_level2_age_d","prop_select_one","% of school-aged children of lower secondary school age currently attending lower secondary school or higher","edu_school_cycle_d,admin_1",FALSE,FALSE,FALSE,FALSE,FALSE,TRUE,FALSE,FALSE,FALSE,FALSE
"76","edu_attending_level2_and_level2_age_d","prop_select_one","% of school-aged children of lower secondary school age currently attending lower secondary school or higher","edu_school_cycle_d, admin_1, child_gender_d",FALSE,FALSE,FALSE,FALSE,FALSE,TRUE,FALSE,FALSE,FALSE,FALSE
"77","edu_program_type","prop_select_one","% of type of other type of education children accessing other type of education","admin_1",FALSE,FALSE,FALSE,FALSE,FALSE,FALSE,FALSE,FALSE,TRUE,FALSE
"78","edu_program_type","prop_select_one","% of type of other type of education children accessing other type of education","admin_1, child_gender_d",FALSE,FALSE,FALSE,FALSE,FALSE,FALSE,FALSE,FALSE,TRUE,FALSE
"79","edu_ind_access_d","prop_select_one","% children 5 to 18 y.o. who attended school or any early childhood education program at any time during the 2023-2024 school year","admin_2",TRUE,TRUE,FALSE,FALSE,FALSE,FALSE,FALSE,FALSE,FALSE,FALSE
"80","edu_disrupted_teacher_d","prop_select_one","% of children 5 to 18 y.o. whose education was disrupted due to teacher's absence","admin_2",TRUE,FALSE,FALSE,FALSE,FALSE,FALSE,FALSE,FALSE,FALSE,FALSE
"81","edu_disrupted_hazards_d","prop_select_one","% of children 5 to 18 y.o. whose education was disrupted due to natural hazards","admin_2",TRUE,FALSE,FALSE,FALSE,FALSE,FALSE,FALSE,FALSE,FALSE,FALSE
"82","edu_disrupted_displaced_d","prop_select_one","% of children 5 to 18 y.o. whose education was disrupted due to the school being occupied by displaced persons - Binary","admin_2",TRUE,FALSE,FALSE,FALSE,FALSE,FALSE,FALSE,FALSE,FALSE,FALSE
"83","edu_disrupted_occupation_d","prop_select_one","% of children 5 to 18 y.o. whose education was disrupted due to the school being occupied by displaced persons - Binary","admin_2",TRUE,FALSE,FALSE,FALSE,FALSE,FALSE,FALSE,FALSE,FALSE,FALSE
"84","edu_ind_access_d","prop_select_one","% children 5 to 18 y.o. who attended school or any early childhood education program at any time during the 2023-2024 school year","admin_2, child_gender_d",TRUE,TRUE,FALSE,FALSE,FALSE,FALSE,FALSE,FALSE,FALSE,FALSE
"85","edu_disrupted_teacher_d","prop_select_one","% of children 5 to 18 y.o. whose education was disrupted due to teacher's absence","admin_2, child_gender_d",TRUE,FALSE,FALSE,FALSE,FALSE,FALSE,FALSE,FALSE,FALSE,FALSE
"86","edu_disrupted_hazards_d","prop_select_one","% of children 5 to 18 y.o. whose education was disrupted due to natural hazards","admin_2, child_gender_d",TRUE,FALSE,FALSE,FALSE,FALSE,FALSE,FALSE,FALSE,FALSE,FALSE
"87","edu_disrupted_displaced_d","prop_select_one","% of children 5 to 18 y.o. whose education was disrupted due to the school being occupied by displaced persons - Binary","admin_2, child_gender_d",TRUE,FALSE,FALSE,FALSE,FALSE,FALSE,FALSE,FALSE,FALSE,FALSE
"88","edu_disrupted_occupation_d","prop_select_one","% of children 5 to 18 y.o. whose education was disrupted due to the school being occupied by displaced persons - Binary","admin_2, child_gender_d",TRUE,FALSE,FALSE,FALSE,FALSE,FALSE,FALSE,FALSE,FALSE,FALSE
"89","edu_ind_no_access_d","prop_select_one","% children 5 to 18 y.o. who did not attended school or any early childhood education program at any time during the 2023-2024 school year","admin_2",FALSE,FALSE,TRUE,FALSE,FALSE,FALSE,FALSE,FALSE,FALSE,FALSE
"90","edu_barrier_d","prop_select_one","% children 5 to 18 y.o. not attending school or any early childhood education program at any time during the 2023-2024 school year, by main reason","admin_2",FALSE,FALSE,TRUE,FALSE,FALSE,FALSE,FALSE,FALSE,FALSE,FALSE
"91","edu_ind_no_access_d","prop_select_one","% children 5 to 18 y.o. who did not attended school or any early childhood education program at any time during the 2023-2024 school year","admin_2, child_gender_d",FALSE,FALSE,TRUE,FALSE,FALSE,FALSE,FALSE,FALSE,FALSE,FALSE
"92","edu_barrier_d","prop_select_one","% children 5 to 18 y.o. not attending school or any early childhood education program at any time during the 2023-2024 school year, by main reason","admin_2, child_gender_d",FALSE,FALSE,TRUE,FALSE,FALSE,FALSE,FALSE,FALSE,FALSE,FALSE
"93","edu_level1_overage_learners_d","prop_select_one","% children 5 to 18 y.o. who attended school or any early childhood education program at any time during the 2023-2024 school year","admin_2",FALSE,TRUE,FALSE,FALSE,FALSE,FALSE,FALSE,FALSE,FALSE,FALSE
"94","edu_level1_overage_learners_d","prop_select_one","% children 5 to 18 y.o. who attended school or any early childhood education program at any time during the 2023-2024 school year","admin_2, child_gender_d",FALSE,TRUE,FALSE,FALSE,FALSE,FALSE,FALSE,FALSE,FALSE,FALSE
"95","edu_level2_overage_learners_d","prop_select_one","% children 5 to 18 y.o. who attended school or any early childhood education program at any time during the 2023-2024 school year","admin_2",FALSE,TRUE,FALSE,FALSE,FALSE,FALSE,FALSE,FALSE,FALSE,FALSE
"96","edu_level2_overage_learners_d","prop_select_one","% children 5 to 18 y.o. who attended school or any early childhood education program at any time during the 2023-2024 school year","admin_2, child_gender_d",FALSE,TRUE,FALSE,FALSE,FALSE,FALSE,FALSE,FALSE,FALSE,FALSE
"97","edu_ind_access_d","prop_select_one","% children 5 to 18 y.o. who attended school or any early childhood education program at any time during the 2023-2024 school year","edu_school_cycle_d, admin_2",FALSE,FALSE,FALSE,TRUE,TRUE,TRUE,TRUE,FALSE,FALSE,FALSE
"98","edu_ind_access_d","prop_select_one","% children 5 to 18 y.o. who attended school or any early childhood education program at any time during the 2023-2024 school year","edu_school_cycle_d, admin_2, child_gender_d",FALSE,FALSE,FALSE,TRUE,TRUE,TRUE,TRUE,FALSE,FALSE,FALSE
"99","edu_attending_level0_level1_and_level1_minus_one_age_d","prop_select_one","% of children one year before primary school entry age attending early childhood education or primary school.","edu_school_cycle_d, admin_2",FALSE,FALSE,FALSE,TRUE,FALSE,FALSE,FALSE,FALSE,FALSE,FALSE
"100","edu_attending_level0_level1_and_level1_minus_one_age_d","prop_select_one","% of children one year before primary school entry age attending early childhood education or primary school.","edu_school_cycle_d, admin_2, child_gender_d",FALSE,FALSE,FALSE,TRUE,FALSE,FALSE,FALSE,FALSE,FALSE,FALSE
"101","edu_attending_level1_and_level1_minus_one_age_d","prop_select_one","% of children one year before primary school entry age attending primary school.","edu_school_cycle_d, admin_2",FALSE,FALSE,FALSE,TRUE,FALSE,FALSE,FALSE,FALSE,FALSE,FALSE
"102","edu_attending_level1_and_level1_minus_one_age_d","prop_select_one","% of children one year before primary school entry age attending primary school.","edu_school_cycle_d, admin_2, child_gender_d",FALSE,FALSE,FALSE,TRUE,FALSE,FALSE,FALSE,FALSE,FALSE,FALSE
"103","edu_attending_level12_and_level1_age_d","prop_select_one","% of school-aged children of primary school age currently attending primary, lower or upper secondary school","edu_school_cycle_d,admin_2",FALSE,FALSE,FALSE,FALSE,TRUE,FALSE,FALSE,FALSE,FALSE,FALSE
"104","edu_attending_level12_and_level1_age_d","prop_select_one","% of school-aged children of primary school age currently attending primary, lower or upper secondary school","edu_school_cycle_d, admin_2, child_gender_d",FALSE,FALSE,FALSE,FALSE,TRUE,FALSE,FALSE,FALSE,FALSE,FALSE
"105","edu_attending_level2_and_level2_age_d","prop_select_one","% of school-aged children of lower secondary school age currently attending lower secondary school or higher","edu_school_cycle_d,admin_2",FALSE,FALSE,FALSE,FALSE,FALSE,TRUE,FALSE,FALSE,FALSE,FALSE
"106","edu_attending_level2_and_level2_age_d","prop_select_one","% of school-aged children of lower secondary school age currently attending lower secondary school or higher","edu_school_cycle_d, admin_2, child_gender_d",FALSE,FALSE,FALSE,FALSE,FALSE,TRUE,FALSE,FALSE,FALSE,FALSE
"107","edu_program_type","prop_select_one","% of type of other type of education children accessing other type of education","admin_2",FALSE,FALSE,FALSE,FALSE,FALSE,FALSE,FALSE,FALSE,TRUE,FALSE
"108","edu_program_type","prop_select_one","% of type of other type of education children accessing other type of education","admin_2, child_gender_d",FALSE,FALSE,FALSE,FALSE,FALSE,FALSE,FALSE,FALSE,TRUE,FALSE
"109","edu_ind_access_d","prop_select_one","% children 5 to 18 y.o. who attended school or any early childhood education program at any time during the 2023-2024 school year","urbanity_setting",TRUE,TRUE,FALSE,FALSE,FALSE,FALSE,FALSE,FALSE,FALSE,FALSE
"110","edu_disrupted_teacher_d","prop_select_one","% of children 5 to 18 y.o. whose education was disrupted due to teacher's absence","urbanity_setting",TRUE,FALSE,FALSE,FALSE,FALSE,FALSE,FALSE,FALSE,FALSE,FALSE
"111","edu_disrupted_hazards_d","prop_select_one","% of children 5 to 18 y.o. whose education was disrupted due to natural hazards","urbanity_setting",TRUE,FALSE,FALSE,FALSE,FALSE,FALSE,FALSE,FALSE,FALSE,FALSE
"112","edu_disrupted_displaced_d","prop_select_one","% of children 5 to 18 y.o. whose education was disrupted due to the school being occupied by displaced persons - Binary","urbanity_setting",TRUE,FALSE,FALSE,FALSE,FALSE,FALSE,FALSE,FALSE,FALSE,FALSE
"113","edu_disrupted_occupation_d","prop_select_one","% of children 5 to 18 y.o. whose education was disrupted due to the school being occupied by displaced persons - Binary","urbanity_setting",TRUE,FALSE,FALSE,FALSE,FALSE,FALSE,FALSE,FALSE,FALSE,FALSE
"114","edu_ind_access_d","prop_select_one","% children 5 to 18 y.o. who attended school or any early childhood education program at any time during the 2023-2024 school year","urbanity_setting, child_gender_d",TRUE,TRUE,FALSE,FALSE,FALSE,FALSE,FALSE,FALSE,FALSE,FALSE
"115","edu_disrupted_teacher_d","prop_select_one","% of children 5 to 18 y.o. whose education was disrupted due to teacher's absence","urbanity_setting, child_gender_d",TRUE,FALSE,FALSE,FALSE,FALSE,FALSE,FALSE,FALSE,FALSE,FALSE
"116","edu_disrupted_hazards_d","prop_select_one","% of children 5 to 18 y.o. whose education was disrupted due to natural hazards","urbanity_setting, child_gender_d",TRUE,FALSE,FALSE,FALSE,FALSE,FALSE,FALSE,FALSE,FALSE,FALSE
"117","edu_disrupted_displaced_d","prop_select_one","% of children 5 to 18 y.o. whose education was disrupted due to the school being occupied by displaced persons - Binary","urbanity_setting, child_gender_d",TRUE,FALSE,FALSE,FALSE,FALSE,FALSE,FALSE,FALSE,FALSE,FALSE
"118","edu_disrupted_occupation_d","prop_select_one","% of children 5 to 18 y.o. whose education was disrupted due to the school being occupied by displaced persons - Binary","urbanity_setting, child_gender_d",TRUE,FALSE,FALSE,FALSE,FALSE,FALSE,FALSE,FALSE,FALSE,FALSE
"119","edu_ind_no_access_d","prop_select_one","% children 5 to 18 y.o. who did not attended school or any early childhood education program at any time during the 2023-2024 school year","urbanity_setting",FALSE,FALSE,TRUE,FALSE,FALSE,FALSE,FALSE,FALSE,FALSE,FALSE
"120","edu_barrier_d","prop_select_one","% children 5 to 18 y.o. not attending school or any early childhood education program at any time during the 2023-2024 school year, by main reason","urbanity_setting",FALSE,FALSE,TRUE,FALSE,FALSE,FALSE,FALSE,FALSE,FALSE,FALSE
"121","edu_ind_no_access_d","prop_select_one","% children 5 to 18 y.o. who did not attended school or any early childhood education program at any time during the 2023-2024 school year","urbanity_setting, child_gender_d",FALSE,FALSE,TRUE,FALSE,FALSE,FALSE,FALSE,FALSE,FALSE,FALSE
"122","edu_barrier_d","prop_select_one","% children 5 to 18 y.o. not attending school or any early childhood education program at any time during the 2023-2024 school year, by main reason","urbanity_setting, child_gender_d",FALSE,FALSE,TRUE,FALSE,FALSE,FALSE,FALSE,FALSE,FALSE,FALSE
"123","edu_level1_overage_learners_d","prop_select_one","% children 5 to 18 y.o. who attended school or any early childhood education program at any time during the 2023-2024 school year","urbanity_setting",FALSE,TRUE,FALSE,FALSE,FALSE,FALSE,FALSE,FALSE,FALSE,FALSE
"124","edu_level1_overage_learners_d","prop_select_one","% children 5 to 18 y.o. who attended school or any early childhood education program at any time during the 2023-2024 school year","urbanity_setting, child_gender_d",FALSE,TRUE,FALSE,FALSE,FALSE,FALSE,FALSE,FALSE,FALSE,FALSE
"125","edu_level2_overage_learners_d","prop_select_one","% children 5 to 18 y.o. who attended school or any early childhood education program at any time during the 2023-2024 school year","urbanity_setting",FALSE,TRUE,FALSE,FALSE,FALSE,FALSE,FALSE,FALSE,FALSE,FALSE
"126","edu_level2_overage_learners_d","prop_select_one","% children 5 to 18 y.o. who attended school or any early childhood education program at any time during the 2023-2024 school year","urbanity_setting, child_gender_d",FALSE,TRUE,FALSE,FALSE,FALSE,FALSE,FALSE,FALSE,FALSE,FALSE
"127","edu_ind_access_d","prop_select_one","% children 5 to 18 y.o. who attended school or any early childhood education program at any time during the 2023-2024 school year","edu_school_cycle_d, urbanity_setting",FALSE,FALSE,FALSE,TRUE,TRUE,TRUE,TRUE,FALSE,FALSE,FALSE
"128","edu_ind_access_d","prop_select_one","% children 5 to 18 y.o. who attended school or any early childhood education program at any time during the 2023-2024 school year","edu_school_cycle_d, urbanity_setting, child_gender_d",FALSE,FALSE,FALSE,TRUE,TRUE,TRUE,TRUE,FALSE,FALSE,FALSE
"129","edu_attending_level0_level1_and_level1_minus_one_age_d","prop_select_one","% of children one year before primary school entry age attending early childhood education or primary school.","edu_school_cycle_d, urbanity_setting",FALSE,FALSE,FALSE,TRUE,FALSE,FALSE,FALSE,FALSE,FALSE,FALSE
"130","edu_attending_level0_level1_and_level1_minus_one_age_d","prop_select_one","% of children one year before primary school entry age attending early childhood education or primary school.","edu_school_cycle_d, urbanity_setting, child_gender_d",FALSE,FALSE,FALSE,TRUE,FALSE,FALSE,FALSE,FALSE,FALSE,FALSE
"131","edu_attending_level1_and_level1_minus_one_age_d","prop_select_one","% of children one year before primary school entry age attending primary school.","edu_school_cycle_d, urbanity_setting",FALSE,FALSE,FALSE,TRUE,FALSE,FALSE,FALSE,FALSE,FALSE,FALSE
"132","edu_attending_level1_and_level1_minus_one_age_d","prop_select_one","% of children one year before primary school entry age attending primary school.","edu_school_cycle_d, urbanity_setting, child_gender_d",FALSE,FALSE,FALSE,TRUE,FALSE,FALSE,FALSE,FALSE,FALSE,FALSE
"133","edu_attending_level12_and_level1_age_d","prop_select_one","% of school-aged children of primary school age currently attending primary, lower or upper secondary school","edu_school_cycle_d,urbanity_setting",FALSE,FALSE,FALSE,FALSE,TRUE,FALSE,FALSE,FALSE,FALSE,FALSE
"134","edu_attending_level12_and_level1_age_d","prop_select_one","% of school-aged children of primary school age currently attending primary, lower or upper secondary school","edu_school_cycle_d, urbanity_setting, child_gender_d",FALSE,FALSE,FALSE,FALSE,TRUE,FALSE,FALSE,FALSE,FALSE,FALSE
"135","edu_attending_level2_and_level2_age_d","prop_select_one","% of school-aged children of lower secondary school age currently attending lower secondary school or higher","edu_school_cycle_d,urbanity_setting",FALSE,FALSE,FALSE,FALSE,FALSE,TRUE,FALSE,FALSE,FALSE,FALSE
"136","edu_attending_level2_and_level2_age_d","prop_select_one","% of school-aged children of lower secondary school age currently attending lower secondary school or higher","edu_school_cycle_d, urbanity_setting, child_gender_d",FALSE,FALSE,FALSE,FALSE,FALSE,TRUE,FALSE,FALSE,FALSE,FALSE
"137","edu_program_type","prop_select_one","% of type of other type of education children accessing other type of education","urbanity_setting",FALSE,FALSE,FALSE,FALSE,FALSE,FALSE,FALSE,FALSE,TRUE,FALSE
"138","edu_program_type","prop_select_one","% of type of other type of education children accessing other type of education","urbanity_setting, child_gender_d",FALSE,FALSE,FALSE,FALSE,FALSE,FALSE,FALSE,FALSE,TRUE,FALSE
"139","edu_ind_access_d","prop_select_one","% children 5 to 18 y.o. who attended school or any early childhood education program at any time during the 2023-2024 school year","pop_group",TRUE,TRUE,FALSE,FALSE,FALSE,FALSE,FALSE,FALSE,FALSE,FALSE
"140","edu_disrupted_teacher_d","prop_select_one","% of children 5 to 18 y.o. whose education was disrupted due to teacher's absence","pop_group",TRUE,FALSE,FALSE,FALSE,FALSE,FALSE,FALSE,FALSE,FALSE,FALSE
"141","edu_disrupted_hazards_d","prop_select_one","% of children 5 to 18 y.o. whose education was disrupted due to natural hazards","pop_group",TRUE,FALSE,FALSE,FALSE,FALSE,FALSE,FALSE,FALSE,FALSE,FALSE
"142","edu_disrupted_displaced_d","prop_select_one","% of children 5 to 18 y.o. whose education was disrupted due to the school being occupied by displaced persons - Binary","pop_group",TRUE,FALSE,FALSE,FALSE,FALSE,FALSE,FALSE,FALSE,FALSE,FALSE
"143","edu_disrupted_occupation_d","prop_select_one","% of children 5 to 18 y.o. whose education was disrupted due to the school being occupied by displaced persons - Binary","pop_group",TRUE,FALSE,FALSE,FALSE,FALSE,FALSE,FALSE,FALSE,FALSE,FALSE
"144","edu_ind_access_d","prop_select_one","% children 5 to 18 y.o. who attended school or any early childhood education program at any time during the 2023-2024 school year","pop_group, child_gender_d",TRUE,TRUE,FALSE,FALSE,FALSE,FALSE,FALSE,FALSE,FALSE,FALSE
"145","edu_disrupted_teacher_d","prop_select_one","% of children 5 to 18 y.o. whose education was disrupted due to teacher's absence","pop_group, child_gender_d",TRUE,FALSE,FALSE,FALSE,FALSE,FALSE,FALSE,FALSE,FALSE,FALSE
"146","edu_disrupted_hazards_d","prop_select_one","% of children 5 to 18 y.o. whose education was disrupted due to natural hazards","pop_group, child_gender_d",TRUE,FALSE,FALSE,FALSE,FALSE,FALSE,FALSE,FALSE,FALSE,FALSE
"147","edu_disrupted_displaced_d","prop_select_one","% of children 5 to 18 y.o. whose education was disrupted due to the school being occupied by displaced persons - Binary","pop_group, child_gender_d",TRUE,FALSE,FALSE,FALSE,FALSE,FALSE,FALSE,FALSE,FALSE,FALSE
"148","edu_disrupted_occupation_d","prop_select_one","% of children 5 to 18 y.o. whose education was disrupted due to the school being occupied by displaced persons - Binary","pop_group, child_gender_d",TRUE,FALSE,FALSE,FALSE,FALSE,FALSE,FALSE,FALSE,FALSE,FALSE
"149","edu_ind_no_access_d","prop_select_one","% children 5 to 18 y.o. who did not attended school or any early childhood education program at any time during the 2023-2024 school year","pop_group",FALSE,FALSE,TRUE,FALSE,FALSE,FALSE,FALSE,FALSE,FALSE,FALSE
"150","edu_barrier_d","prop_select_one","% children 5 to 18 y.o. not attending school or any early childhood education program at any time during the 2023-2024 school year, by main reason","pop_group",FALSE,FALSE,TRUE,FALSE,FALSE,FALSE,FALSE,FALSE,FALSE,FALSE
"151","edu_ind_no_access_d","prop_select_one","% children 5 to 18 y.o. who did not attended school or any early childhood education program at any time during the 2023-2024 school year","pop_group, child_gender_d",FALSE,FALSE,TRUE,FALSE,FALSE,FALSE,FALSE,FALSE,FALSE,FALSE
"152","edu_barrier_d","prop_select_one","% children 5 to 18 y.o. not attending school or any early childhood education program at any time during the 2023-2024 school year, by main reason","pop_group, child_gender_d",FALSE,FALSE,TRUE,FALSE,FALSE,FALSE,FALSE,FALSE,FALSE,FALSE
"153","edu_level1_overage_learners_d","prop_select_one","% children 5 to 18 y.o. who attended school or any early childhood education program at any time during the 2023-2024 school year","pop_group",FALSE,TRUE,FALSE,FALSE,FALSE,FALSE,FALSE,FALSE,FALSE,FALSE
"154","edu_level1_overage_learners_d","prop_select_one","% children 5 to 18 y.o. who attended school or any early childhood education program at any time during the 2023-2024 school year","pop_group, child_gender_d",FALSE,TRUE,FALSE,FALSE,FALSE,FALSE,FALSE,FALSE,FALSE,FALSE
"155","edu_level2_overage_learners_d","prop_select_one","% children 5 to 18 y.o. who attended school or any early childhood education program at any time during the 2023-2024 school year","pop_group",FALSE,TRUE,FALSE,FALSE,FALSE,FALSE,FALSE,FALSE,FALSE,FALSE
"156","edu_level2_overage_learners_d","prop_select_one","% children 5 to 18 y.o. who attended school or any early childhood education program at any time during the 2023-2024 school year","pop_group, child_gender_d",FALSE,TRUE,FALSE,FALSE,FALSE,FALSE,FALSE,FALSE,FALSE,FALSE
"157","edu_ind_access_d","prop_select_one","% children 5 to 18 y.o. who attended school or any early childhood education program at any time during the 2023-2024 school year","edu_school_cycle_d, pop_group",FALSE,FALSE,FALSE,TRUE,TRUE,TRUE,TRUE,FALSE,FALSE,FALSE
"158","edu_ind_access_d","prop_select_one","% children 5 to 18 y.o. who attended school or any early childhood education program at any time during the 2023-2024 school year","edu_school_cycle_d, pop_group, child_gender_d",FALSE,FALSE,FALSE,TRUE,TRUE,TRUE,TRUE,FALSE,FALSE,FALSE
"159","edu_attending_level0_level1_and_level1_minus_one_age_d","prop_select_one","% of children one year before primary school entry age attending early childhood education or primary school.","edu_school_cycle_d, pop_group",FALSE,FALSE,FALSE,TRUE,FALSE,FALSE,FALSE,FALSE,FALSE,FALSE
"160","edu_attending_level0_level1_and_level1_minus_one_age_d","prop_select_one","% of children one year before primary school entry age attending early childhood education or primary school.","edu_school_cycle_d, pop_group, child_gender_d",FALSE,FALSE,FALSE,TRUE,FALSE,FALSE,FALSE,FALSE,FALSE,FALSE
"161","edu_attending_level1_and_level1_minus_one_age_d","prop_select_one","% of children one year before primary school entry age attending primary school.","edu_school_cycle_d, pop_group",FALSE,FALSE,FALSE,TRUE,FALSE,FALSE,FALSE,FALSE,FALSE,FALSE
"162","edu_attending_level1_and_level1_minus_one_age_d","prop_select_one","% of children one year before primary school entry age attending primary school.","edu_school_cycle_d, pop_group, child_gender_d",FALSE,FALSE,FALSE,TRUE,FALSE,FALSE,FALSE,FALSE,FALSE,FALSE
"163","edu_attending_level12_and_level1_age_d","prop_select_one","% of school-aged children of primary school age currently attending primary, lower or upper secondary school","edu_school_cycle_d,pop_group",FALSE,FALSE,FALSE,FALSE,TRUE,FALSE,FALSE,FALSE,FALSE,FALSE
"164","edu_attending_level12_and_level1_age_d","prop_select_one","% of school-aged children of primary school age currently attending primary, lower or upper secondary school","edu_school_cycle_d, pop_group, child_gender_d",FALSE,FALSE,FALSE,FALSE,TRUE,FALSE,FALSE,FALSE,FALSE,FALSE
"165","edu_attending_level2_and_level2_age_d","prop_select_one","% of school-aged children of lower secondary school age currently attending lower secondary school or higher","edu_school_cycle_d,pop_group",FALSE,FALSE,FALSE,FALSE,FALSE,TRUE,FALSE,FALSE,FALSE,FALSE
"166","edu_attending_level2_and_level2_age_d","prop_select_one","% of school-aged children of lower secondary school age currently attending lower secondary school or higher","edu_school_cycle_d, pop_group, child_gender_d",FALSE,FALSE,FALSE,FALSE,FALSE,TRUE,FALSE,FALSE,FALSE,FALSE
"167","edu_program_type","prop_select_one","% of type of other type of education children accessing other type of education","pop_group",FALSE,FALSE,FALSE,FALSE,FALSE,FALSE,FALSE,FALSE,TRUE,FALSE
"168","edu_program_type","prop_select_one","% of type of other type of education children accessing other type of education","pop_group, child_gender_d",FALSE,FALSE,FALSE,FALSE,FALSE,FALSE,FALSE,FALSE,TRUE,FALSE
"169","edu_ind_access_d","prop_select_one","% children 5 to 18 y.o. who attended school or any early childhood education program at any time during the 2023-2024 school year","strata",TRUE,TRUE,FALSE,FALSE,FALSE,FALSE,FALSE,FALSE,FALSE,FALSE
"170","edu_disrupted_teacher_d","prop_select_one","% of children 5 to 18 y.o. whose education was disrupted due to teacher's absence","strata",TRUE,FALSE,FALSE,FALSE,FALSE,FALSE,FALSE,FALSE,FALSE,FALSE
"171","edu_disrupted_hazards_d","prop_select_one","% of children 5 to 18 y.o. whose education was disrupted due to natural hazards","strata",TRUE,FALSE,FALSE,FALSE,FALSE,FALSE,FALSE,FALSE,FALSE,FALSE
"172","edu_disrupted_displaced_d","prop_select_one","% of children 5 to 18 y.o. whose education was disrupted due to the school being occupied by displaced persons - Binary","strata",TRUE,FALSE,FALSE,FALSE,FALSE,FALSE,FALSE,FALSE,FALSE,FALSE
"173","edu_disrupted_occupation_d","prop_select_one","% of children 5 to 18 y.o. whose education was disrupted due to the school being occupied by displaced persons - Binary","strata",TRUE,FALSE,FALSE,FALSE,FALSE,FALSE,FALSE,FALSE,FALSE,FALSE
"174","edu_ind_access_d","prop_select_one","% children 5 to 18 y.o. who attended school or any early childhood education program at any time during the 2023-2024 school year","strata, child_gender_d",TRUE,TRUE,FALSE,FALSE,FALSE,FALSE,FALSE,FALSE,FALSE,FALSE
"175","edu_disrupted_teacher_d","prop_select_one","% of children 5 to 18 y.o. whose education was disrupted due to teacher's absence","strata, child_gender_d",TRUE,FALSE,FALSE,FALSE,FALSE,FALSE,FALSE,FALSE,FALSE,FALSE
"176","edu_disrupted_hazards_d","prop_select_one","% of children 5 to 18 y.o. whose education was disrupted due to natural hazards","strata, child_gender_d",TRUE,FALSE,FALSE,FALSE,FALSE,FALSE,FALSE,FALSE,FALSE,FALSE
"177","edu_disrupted_displaced_d","prop_select_one","% of children 5 to 18 y.o. whose education was disrupted due to the school being occupied by displaced persons - Binary","strata, child_gender_d",TRUE,FALSE,FALSE,FALSE,FALSE,FALSE,FALSE,FALSE,FALSE,FALSE
"178","edu_disrupted_occupation_d","prop_select_one","% of children 5 to 18 y.o. whose education was disrupted due to the school being occupied by displaced persons - Binary","strata, child_gender_d",TRUE,FALSE,FALSE,FALSE,FALSE,FALSE,FALSE,FALSE,FALSE,FALSE
"179","edu_ind_no_access_d","prop_select_one","% children 5 to 18 y.o. who did not attended school or any early childhood education program at any time during the 2023-2024 school year","strata",FALSE,FALSE,TRUE,FALSE,FALSE,FALSE,FALSE,FALSE,FALSE,FALSE
"180","edu_barrier_d","prop_select_one","% children 5 to 18 y.o. not attending school or any early childhood education program at any time during the 2023-2024 school year, by main reason","strata",FALSE,FALSE,TRUE,FALSE,FALSE,FALSE,FALSE,FALSE,FALSE,FALSE
"181","edu_ind_no_access_d","prop_select_one","% children 5 to 18 y.o. who did not attended school or any early childhood education program at any time during the 2023-2024 school year","strata, child_gender_d",FALSE,FALSE,TRUE,FALSE,FALSE,FALSE,FALSE,FALSE,FALSE,FALSE
"182","edu_barrier_d","prop_select_one","% children 5 to 18 y.o. not attending school or any early childhood education program at any time during the 2023-2024 school year, by main reason","strata, child_gender_d",FALSE,FALSE,TRUE,FALSE,FALSE,FALSE,FALSE,FALSE,FALSE,FALSE
"183","edu_level1_overage_learners_d","prop_select_one","% children 5 to 18 y.o. who attended school or any early childhood education program at any time during the 2023-2024 school year","strata",FALSE,TRUE,FALSE,FALSE,FALSE,FALSE,FALSE,FALSE,FALSE,FALSE
"184","edu_level1_overage_learners_d","prop_select_one","% children 5 to 18 y.o. who attended school or any early childhood education program at any time during the 2023-2024 school year","strata, child_gender_d",FALSE,TRUE,FALSE,FALSE,FALSE,FALSE,FALSE,FALSE,FALSE,FALSE
"185","edu_level2_overage_learners_d","prop_select_one","% children 5 to 18 y.o. who attended school or any early childhood education program at any time during the 2023-2024 school year","strata",FALSE,TRUE,FALSE,FALSE,FALSE,FALSE,FALSE,FALSE,FALSE,FALSE
"186","edu_level2_overage_learners_d","prop_select_one","% children 5 to 18 y.o. who attended school or any early childhood education program at any time during the 2023-2024 school year","strata, child_gender_d",FALSE,TRUE,FALSE,FALSE,FALSE,FALSE,FALSE,FALSE,FALSE,FALSE
"187","edu_ind_access_d","prop_select_one","% children 5 to 18 y.o. who attended school or any early childhood education program at any time during the 2023-2024 school year","edu_school_cycle_d, strata",FALSE,FALSE,FALSE,TRUE,TRUE,TRUE,TRUE,FALSE,FALSE,FALSE
"188","edu_ind_access_d","prop_select_one","% children 5 to 18 y.o. who attended school or any early childhood education program at any time during the 2023-2024 school year","edu_school_cycle_d, strata, child_gender_d",FALSE,FALSE,FALSE,TRUE,TRUE,TRUE,TRUE,FALSE,FALSE,FALSE
"189","edu_attending_level0_level1_and_level1_minus_one_age_d","prop_select_one","% of children one year before primary school entry age attending early childhood education or primary school.","edu_school_cycle_d, strata",FALSE,FALSE,FALSE,TRUE,FALSE,FALSE,FALSE,FALSE,FALSE,FALSE
"190","edu_attending_level0_level1_and_level1_minus_one_age_d","prop_select_one","% of children one year before primary school entry age attending early childhood education or primary school.","edu_school_cycle_d, strata, child_gender_d",FALSE,FALSE,FALSE,TRUE,FALSE,FALSE,FALSE,FALSE,FALSE,FALSE
"191","edu_attending_level1_and_level1_minus_one_age_d","prop_select_one","% of children one year before primary school entry age attending primary school.","edu_school_cycle_d, strata",FALSE,FALSE,FALSE,TRUE,FALSE,FALSE,FALSE,FALSE,FALSE,FALSE
"192","edu_attending_level1_and_level1_minus_one_age_d","prop_select_one","% of children one year before primary school entry age attending primary school.","edu_school_cycle_d, strata, child_gender_d",FALSE,FALSE,FALSE,TRUE,FALSE,FALSE,FALSE,FALSE,FALSE,FALSE
"193","edu_attending_level12_and_level1_age_d","prop_select_one","% of school-aged children of primary school age currently attending primary, lower or upper secondary school","edu_school_cycle_d,strata",FALSE,FALSE,FALSE,FALSE,TRUE,FALSE,FALSE,FALSE,FALSE,FALSE
"194","edu_attending_level12_and_level1_age_d","prop_select_one","% of school-aged children of primary school age currently attending primary, lower or upper secondary school","edu_school_cycle_d, strata, child_gender_d",FALSE,FALSE,FALSE,FALSE,TRUE,FALSE,FALSE,FALSE,FALSE,FALSE
"195","edu_attending_level2_and_level2_age_d","prop_select_one","% of school-aged children of lower secondary school age currently attending lower secondary school or higher","edu_school_cycle_d,strata",FALSE,FALSE,FALSE,FALSE,FALSE,TRUE,FALSE,FALSE,FALSE,FALSE
"196","edu_attending_level2_and_level2_age_d","prop_select_one","% of school-aged children of lower secondary school age currently attending lower secondary school or higher","edu_school_cycle_d, strata, child_gender_d",FALSE,FALSE,FALSE,FALSE,FALSE,TRUE,FALSE,FALSE,FALSE,FALSE
"197","edu_program_type","prop_select_one","% of type of other type of education children accessing other type of education","strata",FALSE,FALSE,FALSE,FALSE,FALSE,FALSE,FALSE,FALSE,TRUE,FALSE
"198","edu_program_type","prop_select_one","% of type of other type of education children accessing other type of education","strata, child_gender_d",FALSE,FALSE,FALSE,FALSE,FALSE,FALSE,FALSE,FALSE,TRUE,FALSE
"199","edu_ind_access_d","prop_select_one","% children 5 to 18 y.o. who attended school or any early childhood education program at any time during the 2023-2024 school year","young_adult",TRUE,TRUE,FALSE,FALSE,FALSE,FALSE,FALSE,FALSE,FALSE,FALSE
"200","edu_disrupted_teacher_d","prop_select_one","% of children 5 to 18 y.o. whose education was disrupted due to teacher's absence","young_adult",TRUE,FALSE,FALSE,FALSE,FALSE,FALSE,FALSE,FALSE,FALSE,FALSE
"201","edu_disrupted_hazards_d","prop_select_one","% of children 5 to 18 y.o. whose education was disrupted due to natural hazards","young_adult",TRUE,FALSE,FALSE,FALSE,FALSE,FALSE,FALSE,FALSE,FALSE,FALSE
"202","edu_disrupted_displaced_d","prop_select_one","% of children 5 to 18 y.o. whose education was disrupted due to the school being occupied by displaced persons - Binary","young_adult",TRUE,FALSE,FALSE,FALSE,FALSE,FALSE,FALSE,FALSE,FALSE,FALSE
"203","edu_disrupted_occupation_d","prop_select_one","% of children 5 to 18 y.o. whose education was disrupted due to the school being occupied by displaced persons - Binary","young_adult",TRUE,FALSE,FALSE,FALSE,FALSE,FALSE,FALSE,FALSE,FALSE,FALSE
"204","edu_ind_access_d","prop_select_one","% children 5 to 18 y.o. who attended school or any early childhood education program at any time during the 2023-2024 school year","young_adult, child_gender_d",TRUE,TRUE,FALSE,FALSE,FALSE,FALSE,FALSE,FALSE,FALSE,FALSE
"205","edu_disrupted_teacher_d","prop_select_one","% of children 5 to 18 y.o. whose education was disrupted due to teacher's absence","young_adult, child_gender_d",TRUE,FALSE,FALSE,FALSE,FALSE,FALSE,FALSE,FALSE,FALSE,FALSE
"206","edu_disrupted_hazards_d","prop_select_one","% of children 5 to 18 y.o. whose education was disrupted due to natural hazards","young_adult, child_gender_d",TRUE,FALSE,FALSE,FALSE,FALSE,FALSE,FALSE,FALSE,FALSE,FALSE
"207","edu_disrupted_displaced_d","prop_select_one","% of children 5 to 18 y.o. whose education was disrupted due to the school being occupied by displaced persons - Binary","young_adult, child_gender_d",TRUE,FALSE,FALSE,FALSE,FALSE,FALSE,FALSE,FALSE,FALSE,FALSE
"208","edu_disrupted_occupation_d","prop_select_one","% of children 5 to 18 y.o. whose education was disrupted due to the school being occupied by displaced persons - Binary","young_adult, child_gender_d",TRUE,FALSE,FALSE,FALSE,FALSE,FALSE,FALSE,FALSE,FALSE,FALSE
"209","edu_ind_no_access_d","prop_select_one","% children 5 to 18 y.o. who did not attended school or any early childhood education program at any time during the 2023-2024 school year","young_adult",FALSE,FALSE,TRUE,FALSE,FALSE,FALSE,FALSE,FALSE,FALSE,FALSE
"210","edu_barrier_d","prop_select_one","% children 5 to 18 y.o. not attending school or any early childhood education program at any time during the 2023-2024 school year, by main reason","young_adult",FALSE,FALSE,TRUE,FALSE,FALSE,FALSE,FALSE,FALSE,FALSE,FALSE
"211","edu_ind_no_access_d","prop_select_one","% children 5 to 18 y.o. who did not attended school or any early childhood education program at any time during the 2023-2024 school year","young_adult, child_gender_d",FALSE,FALSE,TRUE,FALSE,FALSE,FALSE,FALSE,FALSE,FALSE,FALSE
"212","edu_barrier_d","prop_select_one","% children 5 to 18 y.o. not attending school or any early childhood education program at any time during the 2023-2024 school year, by main reason","young_adult, child_gender_d",FALSE,FALSE,TRUE,FALSE,FALSE,FALSE,FALSE,FALSE,FALSE,FALSE
"213","edu_level1_overage_learners_d","prop_select_one","% children 5 to 18 y.o. who attended school or any early childhood education program at any time during the 2023-2024 school year","young_adult",FALSE,TRUE,FALSE,FALSE,FALSE,FALSE,FALSE,FALSE,FALSE,FALSE
"214","edu_level1_overage_learners_d","prop_select_one","% children 5 to 18 y.o. who attended school or any early childhood education program at any time during the 2023-2024 school year","young_adult, child_gender_d",FALSE,TRUE,FALSE,FALSE,FALSE,FALSE,FALSE,FALSE,FALSE,FALSE
"215","edu_level2_overage_learners_d","prop_select_one","% children 5 to 18 y.o. who attended school or any early childhood education program at any time during the 2023-2024 school year","young_adult",FALSE,TRUE,FALSE,FALSE,FALSE,FALSE,FALSE,FALSE,FALSE,FALSE
"216","edu_level2_overage_learners_d","prop_select_one","% children 5 to 18 y.o. who attended school or any early childhood education program at any time during the 2023-2024 school year","young_adult, child_gender_d",FALSE,TRUE,FALSE,FALSE,FALSE,FALSE,FALSE,FALSE,FALSE,FALSE
"217","edu_ind_access_d","prop_select_one","% children 5 to 18 y.o. who attended school or any early childhood education program at any time during the 2023-2024 school year","edu_school_cycle_d, young_adult",FALSE,FALSE,FALSE,TRUE,TRUE,TRUE,TRUE,FALSE,FALSE,FALSE
"218","edu_ind_access_d","prop_select_one","% children 5 to 18 y.o. who attended school or any early childhood education program at any time during the 2023-2024 school year","edu_school_cycle_d, young_adult, child_gender_d",FALSE,FALSE,FALSE,TRUE,TRUE,TRUE,TRUE,FALSE,FALSE,FALSE
"219","edu_attending_level0_level1_and_level1_minus_one_age_d","prop_select_one","% of children one year before primary school entry age attending early childhood education or primary school.","edu_school_cycle_d, young_adult",FALSE,FALSE,FALSE,TRUE,FALSE,FALSE,FALSE,FALSE,FALSE,FALSE
"220","edu_attending_level0_level1_and_level1_minus_one_age_d","prop_select_one","% of children one year before primary school entry age attending early childhood education or primary school.","edu_school_cycle_d, young_adult, child_gender_d",FALSE,FALSE,FALSE,TRUE,FALSE,FALSE,FALSE,FALSE,FALSE,FALSE
"221","edu_attending_level1_and_level1_minus_one_age_d","prop_select_one","% of children one year before primary school entry age attending primary school.","edu_school_cycle_d, young_adult",FALSE,FALSE,FALSE,TRUE,FALSE,FALSE,FALSE,FALSE,FALSE,FALSE
"222","edu_attending_level1_and_level1_minus_one_age_d","prop_select_one","% of children one year before primary school entry age attending primary school.","edu_school_cycle_d, young_adult, child_gender_d",FALSE,FALSE,FALSE,TRUE,FALSE,FALSE,FALSE,FALSE,FALSE,FALSE
"223","edu_attending_level12_and_level1_age_d","prop_select_one","% of school-aged children of primary school age currently attending primary, lower or upper secondary school","edu_school_cycle_d,young_adult",FALSE,FALSE,FALSE,FALSE,TRUE,FALSE,FALSE,FALSE,FALSE,FALSE
"224","edu_attending_level12_and_level1_age_d","prop_select_one","% of school-aged children of primary school age currently attending primary, lower or upper secondary school","edu_school_cycle_d, young_adult, child_gender_d",FALSE,FALSE,FALSE,FALSE,TRUE,FALSE,FALSE,FALSE,FALSE,FALSE
"225","edu_attending_level2_and_level2_age_d","prop_select_one","% of school-aged children of lower secondary school age currently attending lower secondary school or higher","edu_school_cycle_d,young_adult",FALSE,FALSE,FALSE,FALSE,FALSE,TRUE,FALSE,FALSE,FALSE,FALSE
"226","edu_attending_level2_and_level2_age_d","prop_select_one","% of school-aged children of lower secondary school age currently attending lower secondary school or higher","edu_school_cycle_d, young_adult, child_gender_d",FALSE,FALSE,FALSE,FALSE,FALSE,TRUE,FALSE,FALSE,FALSE,FALSE
"227","edu_program_type","prop_select_one","% of type of other type of education children accessing other type of education","young_adult",FALSE,FALSE,FALSE,FALSE,FALSE,FALSE,FALSE,FALSE,TRUE,FALSE
"228","edu_program_type","prop_select_one","% of type of other type of education children accessing other type of education","young_adult, child_gender_d",FALSE,FALSE,FALSE,FALSE,FALSE,FALSE,FALSE,FALSE,TRUE,FALSE
